<?xml version="1.0" encoding="UTF-8"?>
<GenRun Id="impl_1" LaunchPart="xc7a35tcpg236-1" LaunchTime="1546085004">
  <File Type="BITSTR-BMM" Name="GameFSM_bd.bmm"/>
  <File Type="OPT-METHODOLOGY-DRC" Name="GameFSM_methodology_drc_opted.rpt"/>
  <File Type="INIT-TIMING" Name="GameFSM_timing_summary_init.rpt"/>
  <File Type="ROUTE-PWR" Name="GameFSM_power_routed.rpt"/>
  <File Type="PA-TCL" Name="GameFSM.tcl"/>
  <File Type="OPT-TIMING" Name="GameFSM_timing_summary_opted.rpt"/>
  <File Type="OPT-DCP" Name="GameFSM_opt.dcp"/>
  <File Type="ROUTE-PWR-SUM" Name="GameFSM_power_summary_routed.pb"/>
  <File Type="REPORTS-TCL" Name="GameFSM_reports.tcl"/>
  <File Type="OPT-DRC" Name="GameFSM_drc_opted.rpt"/>
  <File Type="OPT-HWDEF" Name="GameFSM.hwdef"/>
  <File Type="PWROPT-DCP" Name="GameFSM_pwropt.dcp"/>
  <File Type="PWROPT-DRC" Name="GameFSM_drc_pwropted.rpt"/>
  <File Type="PWROPT-TIMING" Name="GameFSM_timing_summary_pwropted.rpt"/>
  <File Type="PLACE-DCP" Name="GameFSM_placed.dcp"/>
  <File Type="PLACE-IO" Name="GameFSM_io_placed.rpt"/>
  <File Type="PLACE-CLK" Name="GameFSM_clock_utilization_placed.rpt"/>
  <File Type="PLACE-UTIL" Name="GameFSM_utilization_placed.rpt"/>
  <File Type="PLACE-UTIL-PB" Name="GameFSM_utilization_placed.pb"/>
  <File Type="PLACE-CTRL" Name="GameFSM_control_sets_placed.rpt"/>
  <File Type="PLACE-SIMILARITY" Name="GameFSM_incremental_reuse_placed.rpt"/>
  <File Type="PLACE-PRE-SIMILARITY" Name="GameFSM_incremental_reuse_pre_placed.rpt"/>
  <File Type="BG-BGN" Name="GameFSM.bgn"/>
  <File Type="PLACE-TIMING" Name="GameFSM_timing_summary_placed.rpt"/>
  <File Type="POSTPLACE-PWROPT-DCP" Name="GameFSM_postplace_pwropt.dcp"/>
  <File Type="BG-BIN" Name="GameFSM.bin"/>
  <File Type="POSTPLACE-PWROPT-TIMING" Name="GameFSM_timing_summary_postplace_pwropted.rpt"/>
  <File Type="PHYSOPT-DCP" Name="GameFSM_physopt.dcp"/>
  <File Type="PHYSOPT-DRC" Name="GameFSM_drc_physopted.rpt"/>
  <File Type="BITSTR-MSK" Name="GameFSM.msk"/>
  <File Type="PHYSOPT-TIMING" Name="GameFSM_timing_summary_physopted.rpt"/>
  <File Type="ROUTE-ERROR-DCP" Name="GameFSM_routed_error.dcp"/>
  <File Type="ROUTE-DCP" Name="GameFSM_routed.dcp"/>
  <File Type="ROUTE-BLACKBOX-DCP" Name="GameFSM_routed_bb.dcp"/>
  <File Type="ROUTE-DRC" Name="GameFSM_drc_routed.rpt"/>
  <File Type="ROUTE-DRC-PB" Name="GameFSM_drc_routed.pb"/>
  <File Type="BITSTR-LTX" Name="debug_nets.ltx"/>
  <File Type="BITSTR-LTX" Name="GameFSM.ltx"/>
  <File Type="ROUTE-DRC-RPX" Name="GameFSM_drc_routed.rpx"/>
  <File Type="BITSTR-MMI" Name="GameFSM.mmi"/>
  <File Type="ROUTE-METHODOLOGY-DRC" Name="GameFSM_methodology_drc_routed.rpt"/>
  <File Type="ROUTE-METHODOLOGY-DRC-RPX" Name="GameFSM_methodology_drc_routed.rpx"/>
  <File Type="BITSTR-SYSDEF" Name="GameFSM.sysdef"/>
  <File Type="ROUTE-METHODOLOGY-DRC-PB" Name="GameFSM_methodology_drc_routed.pb"/>
  <File Type="ROUTE-PWR-RPX" Name="GameFSM_power_routed.rpx"/>
  <File Type="ROUTE-STATUS" Name="GameFSM_route_status.rpt"/>
  <File Type="ROUTE-STATUS-PB" Name="GameFSM_route_status.pb"/>
  <File Type="ROUTE-TIMINGSUMMARY" Name="GameFSM_timing_summary_routed.rpt"/>
  <File Type="ROUTE-TIMING-PB" Name="GameFSM_timing_summary_routed.pb"/>
  <File Type="ROUTE-TIMING-RPX" Name="GameFSM_timing_summary_routed.rpx"/>
  <File Type="ROUTE-SIMILARITY" Name="GameFSM_incremental_reuse_routed.rpt"/>
  <File Type="ROUTE-CLK" Name="GameFSM_clock_utilization_routed.rpt"/>
  <File Type="ROUTE-BUS-SKEW" Name="GameFSM_bus_skew_routed.rpt"/>
  <File Type="ROUTE-BUS-SKEW-PB" Name="GameFSM_bus_skew_routed.pb"/>
  <File Type="ROUTE-BUS-SKEW-RPX" Name="GameFSM_bus_skew_routed.rpx"/>
  <File Type="POSTROUTE-PHYSOPT-DCP" Name="GameFSM_postroute_physopt.dcp"/>
  <File Type="POSTROUTE-PHYSOPT-BLACKBOX-DCP" Name="GameFSM_postroute_physopt_bb.dcp"/>
  <File Type="POSTROUTE-PHYSOPT-TIMING" Name="GameFSM_timing_summary_postroute_physopted.rpt"/>
  <File Type="POSTROUTE-PHYSOPT-TIMING-PB" Name="GameFSM_timing_summary_postroute_physopted.pb"/>
  <File Type="POSTROUTE-PHYSOPT-TIMING-RPX" Name="GameFSM_timing_summary_postroute_physopted.rpx"/>
  <File Type="POSTROUTE-PHYSOPT-BUS-SKEW" Name="GameFSM_bus_skew_postroute_physopted.rpt"/>
  <File Type="POSTROUTE-PHYSOPT-BUS-SKEW-PB" Name="GameFSM_bus_skew_postroute_physopted.pb"/>
  <File Type="BG-BIT" Name="GameFSM.bit"/>
  <File Type="POSTROUTE-PHYSOPT-BUS-SKEW-RPX" Name="GameFSM_bus_skew_postroute_physopted.rpx"/>
  <File Type="BITSTR-RBT" Name="GameFSM.rbt"/>
  <File Type="BITSTR-NKY" Name="GameFSM.nky"/>
  <File Type="BG-DRC" Name="GameFSM.drc"/>
  <File Type="RDI-RDI" Name="GameFSM.vdi"/>
  <File Type="WBT-USG" Name="usage_statistics_webtalk.html"/>
  <FileSet Name="sources" Type="DesignSrcs" RelSrcDir="$PSRCDIR/sources_1">
    <Filter Type="Srcs"/>
    <File Path="$PSRCDIR/sources_1/new/BCD_Counter.vhd">
      <FileInfo>
        <Attr Name="UsedIn" Val="synthesis"/>
        <Attr Name="UsedIn" Val="simulation"/>
      </FileInfo>
    </File>
    <File Path="$PSRCDIR/sources_1/new/MapCLK.vhd">
      <FileInfo>
        <Attr Name="UsedIn" Val="synthesis"/>
        <Attr Name="UsedIn" Val="simulation"/>
      </FileInfo>
    </File>
    <File Path="$PSRCDIR/sources_1/new/MovingCar.vhd">
      <FileInfo>
        <Attr Name="UsedIn" Val="synthesis"/>
        <Attr Name="UsedIn" Val="simulation"/>
      </FileInfo>
    </File>
    <File Path="$PSRCDIR/sources_1/new/MovingMap.vhd">
      <FileInfo>
        <Attr Name="UsedIn" Val="synthesis"/>
        <Attr Name="UsedIn" Val="simulation"/>
      </FileInfo>
    </File>
    <File Path="$PSRCDIR/sources_1/new/PixelClk.vhd">
      <FileInfo>
        <Attr Name="UsedIn" Val="synthesis"/>
        <Attr Name="UsedIn" Val="simulation"/>
      </FileInfo>
    </File>
    <File Path="$PSRCDIR/sources_1/new/ScoreBoard.vhd">
      <FileInfo>
        <Attr Name="UsedIn" Val="synthesis"/>
        <Attr Name="UsedIn" Val="simulation"/>
      </FileInfo>
    </File>
    <File Path="$PSRCDIR/sources_1/new/Sync.vhd">
      <FileInfo>
        <Attr Name="UsedIn" Val="synthesis"/>
        <Attr Name="UsedIn" Val="simulation"/>
      </FileInfo>
    </File>
    <File Path="$PSRCDIR/sources_1/new/GameFSM.vhd">
      <FileInfo>
        <Attr Name="UsedIn" Val="synthesis"/>
        <Attr Name="UsedIn" Val="simulation"/>
      </FileInfo>
    </File>
    <Config>
      <Option Name="DesignMode" Val="RTL"/>
      <Option Name="TopModule" Val="GameFSM"/>
      <Option Name="TopAutoSet" Val="TRUE"/>
    </Config>
  </FileSet>
  <FileSet Name="constrs_in" Type="Constrs" RelSrcDir="$PSRCDIR/constrs_1">
    <Filter Type="Constrs"/>
    <File Path="$PSRCDIR/constrs_1/new/cons.xdc">
      <FileInfo>
        <Attr Name="UsedIn" Val="synthesis"/>
        <Attr Name="UsedIn" Val="implementation"/>
      </FileInfo>
    </File>
    <Config>
      <Option Name="ConstrsType" Val="XDC"/>
    </Config>
  </FileSet>
  <Strategy Version="1" Minor="2">
    <StratHandle Name="Vivado Implementation Defaults" Flow="Vivado Implementation 2018"/>
    <Step Id="init_design"/>
    <Step Id="opt_design"/>
    <Step Id="power_opt_design"/>
    <Step Id="place_design"/>
    <Step Id="post_place_power_opt_design"/>
    <Step Id="phys_opt_design"/>
    <Step Id="route_design"/>
    <Step Id="post_route_phys_opt_design"/>
    <Step Id="write_bitstream"/>
  </Strategy>
</GenRun>
